{
  "value": 186.72300629486563,
  "params": {
    "lambda": 27.980874217370484,
    "cv_steer": 0.07254744879854325,
    "cv_accel": 0.04829049733919749,
    "s_weight": 25265.788409003,
    "c_weight": 298.5834680874166
  },
  "gamma_derived": null
}