{
  "value": 1231.8782093997952,
  "params": {
    "lambda": 0.01155091515764931,
    "alpha_is": 0.851356016887989,
    "cv_steer": 0.013178974044529336,
    "cv_accel": 0.06115174214186951,
    "s_weight": 808.4087416389013,
    "c_weight": 0.012476149239058718
  },
  "gamma_derived": 0.0017169740376218959
}